datetime,aqi,co,no,no2,o3,pm2_5,pm10,so2,nh3
2026-06-07 22:11:51.306249,4,513.02,0,10.51,85.76,56.9,84.97,5.58,56.19
2026-06-07 22:14:43.746689,4,513.02,0,10.51,85.76,56.9,84.97,5.58,56.19
2026-06-07 22:14:55.157603,4,513.02,0,10.51,85.76,56.9,84.97,5.58,56.19
2026-06-07 22:21:42.051955,4,513.02,0,10.51,85.76,56.9,84.97,5.58,56.19
2026-06-07 22:38:49.475528,4,551.75,0,10.99,79.03,58.3,84.91,5.28,58.47
2026-06-07 22:38:52.218325,4,551.75,0,10.99,79.03,58.3,84.91,5.28,58.47
2026-06-07 22:38:54.800039,4,551.75,0,10.99,79.03,58.3,84.91,5.28,58.47
2026-06-07 22:38:57.373547,4,551.75,0,10.99,79.03,58.3,84.91,5.28,58.47
2026-06-07 22:38:59.131978,4,551.75,0,10.99,79.03,58.3,84.91,5.28,58.47
2026-06-07 22:39:00.633039,4,551.75,0,10.99,79.03,58.3,84.91,5.28,58.47
2026-06-07 22:39:02.087296,4,551.75,0,10.99,79.03,58.3,84.91,5.28,58.47
2026-06-07 22:39:03.657915,4,551.75,0,10.99,79.03,58.3,84.91,5.28,58.47
2026-06-07 22:39:05.219015,4,551.75,0,10.99,79.03,58.3,84.91,5.28,58.47
2026-06-07 22:39:06.691706,4,551.75,0,10.99,79.03,58.3,84.91,5.28,58.47
2026-06-07 22:39:08.258974,4,551.75,0,10.99,79.03,58.3,84.91,5.28,58.47
2026-06-07 22:39:09.800036,4,551.75,0,10.99,79.03,58.3,84.91,5.28,58.47
2026-06-07 22:39:11.438091,4,551.75,0,10.99,79.03,58.3,84.91,5.28,58.47
2026-06-07 22:39:13.079934,4,551.75,0,10.99,79.03,58.3,84.91,5.28,58.47
2026-06-07 22:39:14.648924,4,551.75,0,10.99,79.03,58.3,84.91,5.28,58.47
2026-06-07 22:39:16.111864,4,551.75,0,10.99,79.03,58.3,84.91,5.28,58.47
2026-06-07 22:39:17.633440,4,551.75,0,10.99,79.03,58.3,84.91,5.28,58.47
2026-06-07 22:39:19.105483,4,551.75,0,10.99,79.03,58.3,84.91,5.28,58.47
2026-06-07 22:39:20.658529,4,551.75,0,10.99,79.03,58.3,84.91,5.28,58.47
2026-06-07 22:39:23.590801,4,551.75,0,10.99,79.03,58.3,84.91,5.28,58.47
2026-06-07 22:39:25.043342,4,551.75,0,10.99,79.03,58.3,84.91,5.28,58.47
2026-06-07 22:39:26.531646,4,551.75,0,10.99,79.03,58.3,84.91,5.28,58.47
2026-06-07 22:39:27.970650,4,551.75,0,10.99,79.03,58.3,84.91,5.28,58.47
2026-06-07 22:39:29.482917,4,551.75,0,10.99,79.03,58.3,84.91,5.28,58.47
2026-06-07 22:39:31.072445,4,551.75,0,10.99,79.03,58.3,84.91,5.28,58.47
2026-06-07 22:39:32.803191,4,551.75,0,10.99,79.03,58.3,84.91,5.28,58.47
2026-06-07 22:39:35.304804,4,551.75,0,10.99,79.03,58.3,84.91,5.28,58.47
2026-06-07 22:39:37.780429,4,551.75,0,10.99,79.03,58.3,84.91,5.28,58.47
2026-06-07 22:39:39.762277,4,551.75,0,10.99,79.03,58.3,84.91,5.28,58.47
2026-06-07 22:39:41.267672,4,551.75,0,10.99,79.03,58.3,84.91,5.28,58.47
2026-06-07 22:39:42.693086,4,551.75,0,10.99,79.03,58.3,84.91,5.28,58.47
2026-06-07 22:39:44.127731,4,551.75,0,10.99,79.03,58.3,84.91,5.28,58.47
2026-06-07 22:39:45.548764,4,551.75,0,10.99,79.03,58.3,84.91,5.28,58.47
2026-06-07 22:39:47.137262,4,551.75,0,10.99,79.03,58.3,84.91,5.28,58.47
2026-06-07 22:39:48.563945,4,551.75,0,10.99,79.03,58.3,84.91,5.28,58.47
2026-06-07 22:39:50.043866,4,551.75,0,10.99,79.03,58.3,84.91,5.28,58.47
2026-06-07 22:39:51.486894,4,551.75,0,10.99,79.03,58.3,84.91,5.28,58.47
2026-06-07 22:39:52.939671,4,551.75,0,10.99,79.03,58.3,84.91,5.28,58.47
2026-06-07 22:39:54.395056,4,551.75,0,10.99,79.03,58.3,84.91,5.28,58.47
2026-06-07 22:39:55.841099,4,551.75,0,10.99,79.03,58.3,84.91,5.28,58.47
2026-06-07 22:39:57.288081,4,551.75,0,10.99,79.03,58.3,84.91,5.28,58.47
2026-06-07 22:39:58.737759,4,551.75,0,10.99,79.03,58.3,84.91,5.28,58.47
2026-06-07 22:40:00.191374,4,551.75,0,10.99,79.03,58.3,84.91,5.28,58.47
2026-06-07 22:40:01.652535,4,551.75,0,10.99,79.03,58.3,84.91,5.28,58.47
2026-06-07 22:40:03.059740,4,551.75,0,10.99,79.03,58.3,84.91,5.28,58.47
2026-06-07 22:40:04.483142,4,551.75,0,10.99,79.03,58.3,84.91,5.28,58.47
2026-06-07 22:40:05.912857,4,551.75,0,10.99,79.03,58.3,84.91,5.28,58.47
2026-06-07 22:40:07.336042,4,551.75,0,10.99,79.03,58.3,84.91,5.28,58.47
2026-06-07 22:40:08.822134,4,551.75,0,10.99,79.03,58.3,84.91,5.28,58.47
2026-06-07 22:40:10.268498,4,551.75,0,10.99,79.03,58.3,84.91,5.28,58.47
2026-06-07 22:40:11.676912,4,551.75,0,10.99,79.03,58.3,84.91,5.28,58.47
2026-06-07 22:40:13.121785,4,551.75,0,10.99,79.03,58.3,84.91,5.28,58.47
2026-06-07 22:40:14.576403,4,551.75,0,10.99,79.03,58.3,84.91,5.28,58.47
2026-06-07 22:40:16.032329,4,551.75,0,10.99,79.03,58.3,84.91,5.28,58.47
2026-06-07 22:40:17.567236,4,551.75,0,10.99,79.03,58.3,84.91,5.28,58.47
2026-06-07 22:40:20.724623,4,551.75,0,10.99,79.03,58.3,84.91,5.28,58.47
2026-06-07 22:40:22.766400,4,551.75,0,10.99,79.03,58.3,84.91,5.28,58.47
2026-06-07 22:40:24.928108,4,551.75,0,10.99,79.03,58.3,84.91,5.28,58.47
2026-06-07 22:40:26.444603,4,551.75,0,10.99,79.03,58.3,84.91,5.28,58.47
2026-06-07 22:40:29.038307,4,551.75,0,10.99,79.03,58.3,84.91,5.28,58.47
2026-06-07 22:40:30.850551,4,551.75,0,10.99,79.03,58.3,84.91,5.28,58.47
2026-06-07 22:40:32.787683,4,551.75,0,10.99,79.03,58.3,84.91,5.28,58.47
2026-06-07 22:40:34.963423,4,551.75,0,10.99,79.03,58.3,84.91,5.28,58.47
2026-06-07 22:40:36.529140,4,551.75,0,10.99,79.03,58.3,84.91,5.28,58.47
2026-06-07 22:40:38.051320,4,551.75,0,10.99,79.03,58.3,84.91,5.28,58.47
2026-06-07 22:40:39.649264,4,551.75,0,10.99,79.03,58.3,84.91,5.28,58.47
2026-06-07 22:40:41.066498,4,551.75,0,10.99,79.03,58.3,84.91,5.28,58.47
2026-06-07 22:40:42.836495,4,551.75,0,10.99,79.03,58.3,84.91,5.28,58.47
2026-06-07 22:40:44.752740,4,551.75,0,10.99,79.03,58.3,84.91,5.28,58.47
2026-06-07 22:40:46.319340,4,551.75,0,10.99,79.03,58.3,84.91,5.28,58.47
2026-06-07 22:40:47.856916,4,551.75,0,10.99,79.03,58.3,84.91,5.28,58.47
2026-06-07 22:40:50.049683,4,551.75,0,10.99,79.03,58.3,84.91,5.28,58.47
2026-06-07 22:40:51.902906,4,551.75,0,10.99,79.03,58.3,84.91,5.28,58.47
2026-06-07 22:40:54.089796,4,551.75,0,10.99,79.03,58.3,84.91,5.28,58.47
2026-06-07 22:40:55.531410,4,551.75,0,10.99,79.03,58.3,84.91,5.28,58.47
2026-06-07 22:40:57.070783,4,551.75,0,10.99,79.03,58.3,84.91,5.28,58.47
2026-06-07 22:40:58.837283,4,551.75,0,10.99,79.03,58.3,84.91,5.28,58.47
2026-06-07 22:41:00.311248,4,551.75,0,10.99,79.03,58.3,84.91,5.28,58.47
2026-06-07 22:41:01.903882,4,551.75,0,10.99,79.03,58.3,84.91,5.28,58.47
2026-06-07 22:41:03.415470,4,551.75,0,10.99,79.03,58.3,84.91,5.28,58.47
2026-06-07 22:41:05.236134,4,551.75,0,10.99,79.03,58.3,84.91,5.28,58.47
2026-06-07 22:41:06.887678,4,551.75,0,10.99,79.03,58.3,84.91,5.28,58.47
2026-06-07 22:41:09.255795,4,551.75,0,10.99,79.03,58.3,84.91,5.28,58.47
2026-06-07 22:41:10.847079,4,551.75,0,10.99,79.03,58.3,84.91,5.28,58.47
2026-06-07 22:41:12.358299,4,551.75,0,10.99,79.03,58.3,84.91,5.28,58.47
2026-06-07 22:41:13.895296,4,551.75,0,10.99,79.03,58.3,84.91,5.28,58.47
2026-06-07 22:41:15.438862,4,551.75,0,10.99,79.03,58.3,84.91,5.28,58.47
2026-06-07 22:41:17.162224,4,551.75,0,10.99,79.03,58.3,84.91,5.28,58.47
2026-06-07 22:41:18.894239,4,551.75,0,10.99,79.03,58.3,84.91,5.28,58.47
2026-06-07 22:41:21.123286,4,551.75,0,10.99,79.03,58.3,84.91,5.28,58.47
2026-06-07 22:41:23.148703,4,551.75,0,10.99,79.03,58.3,84.91,5.28,58.47
2026-06-07 22:41:24.590963,4,551.75,0,10.99,79.03,58.3,84.91,5.28,58.47
2026-06-07 22:41:26.027204,4,551.75,0,10.99,79.03,58.3,84.91,5.28,58.47
2026-06-07 22:41:27.510930,4,551.75,0,10.99,79.03,58.3,84.91,5.28,58.47
2026-06-07 22:41:28.985271,4,551.75,0,10.99,79.03,58.3,84.91,5.28,58.47
2026-06-07 22:41:30.404799,4,551.75,0,10.99,79.03,58.3,84.91,5.28,58.47
2026-06-07 22:41:31.890914,4,551.75,0,10.99,79.03,58.3,84.91,5.28,58.47
2026-06-07 22:41:33.339185,4,551.75,0,10.99,79.03,58.3,84.91,5.28,58.47
2026-06-07 22:41:34.775196,4,551.75,0,10.99,79.03,58.3,84.91,5.28,58.47
2026-06-07 22:41:36.190474,4,551.75,0,10.99,79.03,58.3,84.91,5.28,58.47
2026-06-07 22:41:37.673692,4,551.75,0,10.99,79.03,58.3,84.91,5.28,58.47
2026-06-07 22:41:39.124984,4,551.75,0,10.99,79.03,58.3,84.91,5.28,58.47
2026-06-07 22:41:40.571455,4,551.75,0,10.99,79.03,58.3,84.91,5.28,58.47
2026-06-07 22:41:42.018946,4,551.75,0,10.99,79.03,58.3,84.91,5.28,58.47
2026-06-07 22:41:43.531661,4,551.75,0,10.99,79.03,58.3,84.91,5.28,58.47
2026-06-07 22:41:44.988822,4,551.75,0,10.99,79.03,58.3,84.91,5.28,58.47
2026-06-07 22:41:46.468774,4,551.75,0,10.99,79.03,58.3,84.91,5.28,58.47
2026-06-07 22:41:47.915300,4,551.75,0,10.99,79.03,58.3,84.91,5.28,58.47
2026-06-07 22:41:49.392366,4,551.75,0,10.99,79.03,58.3,84.91,5.28,58.47
2026-06-07 22:41:50.823996,4,551.75,0,10.99,79.03,58.3,84.91,5.28,58.47
2026-06-07 22:41:52.239786,4,551.75,0,10.99,79.03,58.3,84.91,5.28,58.47
2026-06-07 22:41:53.637660,4,551.75,0,10.99,79.03,58.3,84.91,5.28,58.47
2026-06-07 22:41:55.067913,4,551.75,0,10.99,79.03,58.3,84.91,5.28,58.47
2026-06-07 22:41:56.521445,4,551.75,0,10.99,79.03,58.3,84.91,5.28,58.47
2026-06-07 22:41:57.951258,4,551.75,0,10.99,79.03,58.3,84.91,5.28,58.47
2026-06-07 22:41:59.392208,4,551.75,0,10.99,79.03,58.3,84.91,5.28,58.47
2026-06-07 22:42:00.840296,4,551.75,0,10.99,79.03,58.3,84.91,5.28,58.47
2026-06-07 22:42:02.313254,4,551.75,0,10.99,79.03,58.3,84.91,5.28,58.47
2026-06-07 22:42:03.802948,4,551.75,0,10.99,79.03,58.3,84.91,5.28,58.47
2026-06-07 22:42:05.271007,4,551.75,0,10.99,79.03,58.3,84.91,5.28,58.47
2026-06-07 22:42:06.732272,4,551.75,0,10.99,79.03,58.3,84.91,5.28,58.47
2026-06-07 22:42:08.229255,4,551.75,0,10.99,79.03,58.3,84.91,5.28,58.47
2026-06-07 22:42:09.894983,4,551.75,0,10.99,79.03,58.3,84.91,5.28,58.47
2026-06-07 22:42:11.349751,4,551.75,0,10.99,79.03,58.3,84.91,5.28,58.47
2026-06-07 22:42:12.816996,4,551.75,0,10.99,79.03,58.3,84.91,5.28,58.47
2026-06-07 22:42:14.287231,4,551.75,0,10.99,79.03,58.3,84.91,5.28,58.47
2026-06-07 22:42:16.757847,4,551.75,0,10.99,79.03,58.3,84.91,5.28,58.47
2026-06-07 22:42:19.222301,4,551.75,0,10.99,79.03,58.3,84.91,5.28,58.47
2026-06-07 22:42:21.699944,4,551.75,0,10.99,79.03,58.3,84.91,5.28,58.47
2026-06-07 22:42:24.078725,4,551.75,0,10.99,79.03,58.3,84.91,5.28,58.47
2026-06-07 22:42:26.413790,4,551.75,0,10.99,79.03,58.3,84.91,5.28,58.47
2026-06-07 22:42:29.773639,4,551.75,0,10.99,79.03,58.3,84.91,5.28,58.47
2026-06-07 22:42:31.619833,4,551.75,0,10.99,79.03,58.3,84.91,5.28,58.47
2026-06-07 22:42:33.081890,4,551.75,0,10.99,79.03,58.3,84.91,5.28,58.47
2026-06-07 22:42:34.568823,4,551.75,0,10.99,79.03,58.3,84.91,5.28,58.47
2026-06-07 22:42:36.514329,4,551.75,0,10.99,79.03,58.3,84.91,5.28,58.47
2026-06-07 22:42:38.367501,4,551.75,0,10.99,79.03,58.3,84.91,5.28,58.47
2026-06-07 22:42:39.835152,4,551.75,0,10.99,79.03,58.3,84.91,5.28,58.47
2026-06-07 22:42:41.251644,4,551.75,0,10.99,79.03,58.3,84.91,5.28,58.47
2026-06-07 22:42:42.762095,4,551.75,0,10.99,79.03,58.3,84.91,5.28,58.47
2026-06-07 22:42:44.193719,4,551.75,0,10.99,79.03,58.3,84.91,5.28,58.47
2026-06-07 22:42:45.656069,4,551.75,0,10.99,79.03,58.3,84.91,5.28,58.47
2026-06-07 22:42:47.072162,4,551.75,0,10.99,79.03,58.3,84.91,5.28,58.47
2026-06-07 22:42:48.528424,4,551.75,0,10.99,79.03,58.3,84.91,5.28,58.47
2026-06-07 22:42:49.969019,4,551.75,0,10.99,79.03,58.3,84.91,5.28,58.47
2026-06-07 22:42:51.392418,4,551.75,0,10.99,79.03,58.3,84.91,5.28,58.47
2026-06-07 22:42:52.821304,4,551.75,0,10.99,79.03,58.3,84.91,5.28,58.47
2026-06-07 22:42:54.281710,4,551.75,0,10.99,79.03,58.3,84.91,5.28,58.47
2026-06-07 22:42:55.847375,4,551.75,0,10.99,79.03,58.3,84.91,5.28,58.47
2026-06-07 22:42:57.282003,4,551.75,0,10.99,79.03,58.3,84.91,5.28,58.47
2026-06-07 22:42:58.779394,4,551.75,0,10.99,79.03,58.3,84.91,5.28,58.47
2026-06-07 22:43:00.228778,4,551.75,0,10.99,79.03,58.3,84.91,5.28,58.47
2026-06-07 22:43:01.698527,4,551.75,0,10.99,79.03,58.3,84.91,5.28,58.47
2026-06-07 22:43:03.145438,4,551.75,0,10.99,79.03,58.3,84.91,5.28,58.47
2026-06-07 22:43:04.539708,4,551.75,0,10.99,79.03,58.3,84.91,5.28,58.47
2026-06-07 22:43:05.961130,4,551.75,0,10.99,79.03,58.3,84.91,5.28,58.47
2026-06-07 22:43:07.421371,4,551.75,0,10.99,79.03,58.3,84.91,5.28,58.47
2026-06-07 22:43:08.864727,4,551.75,0,10.99,79.03,58.3,84.91,5.28,58.47
2026-06-07 22:43:10.299304,4,551.75,0,10.99,79.03,58.3,84.91,5.28,58.47
2026-06-07 22:43:12.145723,4,551.75,0,10.99,79.03,58.3,84.91,5.28,58.47
2026-06-07 22:43:13.713448,4,551.75,0,10.99,79.03,58.3,84.91,5.28,58.47
2026-06-07 22:43:15.146576,4,551.75,0,10.99,79.03,58.3,84.91,5.28,58.47
2026-06-07 22:43:17.488302,4,551.75,0,10.99,79.03,58.3,84.91,5.28,58.47
2026-06-07 22:43:23.912268,4,551.75,0,10.99,79.03,58.3,84.91,5.28,58.47
2026-06-07 22:43:27.740356,4,551.75,0,10.99,79.03,58.3,84.91,5.28,58.47
2026-06-07 22:43:29.365067,4,551.75,0,10.99,79.03,58.3,84.91,5.28,58.47
2026-06-07 22:43:32.051211,4,551.75,0,10.99,79.03,58.3,84.91,5.28,58.47
2026-06-07 22:43:36.338705,4,551.75,0,10.99,79.03,58.3,84.91,5.28,58.47
2026-06-07 22:43:41.066302,4,551.75,0,10.99,79.03,58.3,84.91,5.28,58.47
2026-06-07 22:43:44.846104,4,551.75,0,10.99,79.03,58.3,84.91,5.28,58.47
2026-06-07 22:43:51.686271,4,551.75,0,10.99,79.03,58.3,84.91,5.28,58.47
2026-06-07 22:43:58.244051,4,551.75,0,10.99,79.03,58.3,84.91,5.28,58.47
2026-06-07 22:43:59.736239,4,551.75,0,10.99,79.03,58.3,84.91,5.28,58.47
2026-06-07 22:44:03.286910,4,551.75,0,10.99,79.03,58.3,84.91,5.28,58.47
2026-06-07 22:44:07.454077,4,551.75,0,10.99,79.03,58.3,84.91,5.28,58.47
2026-06-07 22:44:10.261824,4,551.75,0,10.99,79.03,58.3,84.91,5.28,58.47
2026-06-07 22:44:12.697619,4,551.75,0,10.99,79.03,58.3,84.91,5.28,58.47
2026-06-07 22:44:16.468140,4,551.75,0,10.99,79.03,58.3,84.91,5.28,58.47
2026-06-07 22:44:18.029813,4,551.75,0,10.99,79.03,58.3,84.91,5.28,58.47
2026-06-07 22:44:19.490256,4,551.75,0,10.99,79.03,58.3,84.91,5.28,58.47
2026-06-07 22:44:20.998121,4,551.75,0,10.99,79.03,58.3,84.91,5.28,58.47
2026-06-07 22:44:23.668031,4,551.75,0,10.99,79.03,58.3,84.91,5.28,58.47
2026-06-07 22:44:25.137692,4,551.75,0,10.99,79.03,58.3,84.91,5.28,58.47
2026-06-07 22:44:26.612116,4,551.75,0,10.99,79.03,58.3,84.91,5.28,58.47
2026-06-07 22:44:28.053065,4,551.75,0,10.99,79.03,58.3,84.91,5.28,58.47
2026-06-07 22:44:29.527713,4,551.75,0,10.99,79.03,58.3,84.91,5.28,58.47
2026-06-07 22:44:30.985415,4,551.75,0,10.99,79.03,58.3,84.91,5.28,58.47
2026-06-07 22:44:32.419365,4,551.75,0,10.99,79.03,58.3,84.91,5.28,58.47
2026-06-07 22:44:34.427577,4,551.75,0,10.99,79.03,58.3,84.91,5.28,58.47
2026-06-07 22:44:35.897017,4,551.75,0,10.99,79.03,58.3,84.91,5.28,58.47
2026-06-07 22:44:37.376147,4,551.75,0,10.99,79.03,58.3,84.91,5.28,58.47
2026-06-07 22:44:38.817913,4,551.75,0,10.99,79.03,58.3,84.91,5.28,58.47
2026-06-07 22:44:40.292055,4,551.75,0,10.99,79.03,58.3,84.91,5.28,58.47
2026-06-07 22:44:41.769696,4,551.75,0,10.99,79.03,58.3,84.91,5.28,58.47
2026-06-07 22:44:43.236441,4,551.75,0,10.99,79.03,58.3,84.91,5.28,58.47
2026-06-07 22:44:44.680989,4,551.75,0,10.99,79.03,58.3,84.91,5.28,58.47
2026-06-07 22:44:46.137235,4,551.75,0,10.99,79.03,58.3,84.91,5.28,58.47
2026-06-07 22:44:47.600640,4,551.75,0,10.99,79.03,58.3,84.91,5.28,58.47
2026-06-07 22:44:49.087117,4,551.75,0,10.99,79.03,58.3,84.91,5.28,58.47
2026-06-07 22:44:50.560910,4,551.75,0,10.99,79.03,58.3,84.91,5.28,58.47
2026-06-07 22:44:52.021675,4,551.75,0,10.99,79.03,58.3,84.91,5.28,58.47
2026-06-07 22:44:53.448669,4,551.75,0,10.99,79.03,58.3,84.91,5.28,58.47
2026-06-07 22:44:54.852295,4,551.75,0,10.99,79.03,58.3,84.91,5.28,58.47
2026-06-07 22:44:56.283783,4,551.75,0,10.99,79.03,58.3,84.91,5.28,58.47
2026-06-07 22:44:57.739472,4,551.75,0,10.99,79.03,58.3,84.91,5.28,58.47
2026-06-07 22:44:59.280467,4,551.75,0,10.99,79.03,58.3,84.91,5.28,58.47
2026-06-07 22:45:01.750390,4,551.75,0,10.99,79.03,58.3,84.91,5.28,58.47
2026-06-07 22:45:03.200082,4,551.75,0,10.99,79.03,58.3,84.91,5.28,58.47
2026-06-07 22:45:04.673350,4,551.75,0,10.99,79.03,58.3,84.91,5.28,58.47
2026-06-07 22:45:06.128667,4,551.75,0,10.99,79.03,58.3,84.91,5.28,58.47
2026-06-07 22:45:07.557307,4,551.75,0,10.99,79.03,58.3,84.91,5.28,58.47
2026-06-07 22:45:08.998090,4,551.75,0,10.99,79.03,58.3,84.91,5.28,58.47
2026-06-07 22:45:10.419440,4,551.75,0,10.99,79.03,58.3,84.91,5.28,58.47
2026-06-07 22:45:11.894224,4,551.75,0,10.99,79.03,58.3,84.91,5.28,58.47
2026-06-07 22:45:13.331967,4,551.75,0,10.99,79.03,58.3,84.91,5.28,58.47
2026-06-07 22:45:14.822538,4,551.75,0,10.99,79.03,58.3,84.91,5.28,58.47
2026-06-07 22:45:16.327181,4,551.75,0,10.99,79.03,58.3,84.91,5.28,58.47
2026-06-07 22:45:17.788314,4,551.75,0,10.99,79.03,58.3,84.91,5.28,58.47
2026-06-07 22:45:19.264186,4,551.75,0,10.99,79.03,58.3,84.91,5.28,58.47
2026-06-07 22:45:20.679548,4,551.75,0,10.99,79.03,58.3,84.91,5.28,58.47
2026-06-07 22:45:22.111302,4,551.75,0,10.99,79.03,58.3,84.91,5.28,58.47
2026-06-07 22:45:23.559699,4,551.75,0,10.99,79.03,58.3,84.91,5.28,58.47
2026-06-07 22:45:24.997717,4,551.75,0,10.99,79.03,58.3,84.91,5.28,58.47
2026-06-07 22:45:26.435907,4,551.75,0,10.99,79.03,58.3,84.91,5.28,58.47
2026-06-07 22:45:27.909761,4,551.75,0,10.99,79.03,58.3,84.91,5.28,58.47
2026-06-07 22:45:29.354181,4,551.75,0,10.99,79.03,58.3,84.91,5.28,58.47
2026-06-07 22:45:30.805053,4,551.75,0,10.99,79.03,58.3,84.91,5.28,58.47
2026-06-07 22:45:32.311059,4,551.75,0,10.99,79.03,58.3,84.91,5.28,58.47
2026-06-07 22:45:33.746882,4,551.75,0,10.99,79.03,58.3,84.91,5.28,58.47
2026-06-07 22:45:35.270250,4,551.75,0,10.99,79.03,58.3,84.91,5.28,58.47
2026-06-07 22:45:36.725933,4,551.75,0,10.99,79.03,58.3,84.91,5.28,58.47
2026-06-07 22:45:40.420130,4,551.75,0,10.99,79.03,58.3,84.91,5.28,58.47
2026-06-07 22:45:41.889418,4,551.75,0,10.99,79.03,58.3,84.91,5.28,58.47
2026-06-07 22:45:43.361002,4,551.75,0,10.99,79.03,58.3,84.91,5.28,58.47
2026-06-07 22:45:44.810928,4,551.75,0,10.99,79.03,58.3,84.91,5.28,58.47
2026-06-07 22:45:46.246792,4,551.75,0,10.99,79.03,58.3,84.91,5.28,58.47
2026-06-07 22:45:47.685107,4,551.75,0,10.99,79.03,58.3,84.91,5.28,58.47
2026-06-07 22:45:49.136991,4,551.75,0,10.99,79.03,58.3,84.91,5.28,58.47
2026-06-07 22:45:50.586307,4,551.75,0,10.99,79.03,58.3,84.91,5.28,58.47
2026-06-07 22:45:52.040293,4,551.75,0,10.99,79.03,58.3,84.91,5.28,58.47
2026-06-07 22:45:53.481826,4,551.75,0,10.99,79.03,58.3,84.91,5.28,58.47
2026-06-07 22:45:54.966421,4,551.75,0,10.99,79.03,58.3,84.91,5.28,58.47
2026-06-07 22:45:56.533944,4,551.75,0,10.99,79.03,58.3,84.91,5.28,58.47
2026-06-07 22:45:58.008644,4,551.75,0,10.99,79.03,58.3,84.91,5.28,58.47
2026-06-07 22:45:59.463472,4,551.75,0,10.99,79.03,58.3,84.91,5.28,58.47
2026-06-07 22:46:00.901811,4,551.75,0,10.99,79.03,58.3,84.91,5.28,58.47
2026-06-07 22:46:02.588652,4,551.75,0,10.99,79.03,58.3,84.91,5.28,58.47
2026-06-07 22:46:04.039171,4,551.75,0,10.99,79.03,58.3,84.91,5.28,58.47
2026-06-07 22:46:05.520162,4,551.75,0,10.99,79.03,58.3,84.91,5.28,58.47
2026-06-07 22:46:07.454635,4,551.75,0,10.99,79.03,58.3,84.91,5.28,58.47
2026-06-07 22:46:08.908519,4,551.75,0,10.99,79.03,58.3,84.91,5.28,58.47
2026-06-07 22:46:10.875400,4,551.75,0,10.99,79.03,58.3,84.91,5.28,58.47
2026-06-07 22:46:12.350414,4,551.75,0,10.99,79.03,58.3,84.91,5.28,58.47
2026-06-07 22:46:13.821698,4,551.75,0,10.99,79.03,58.3,84.91,5.28,58.47
2026-06-07 22:46:15.266637,4,551.75,0,10.99,79.03,58.3,84.91,5.28,58.47
2026-06-07 22:46:16.707878,4,551.75,0,10.99,79.03,58.3,84.91,5.28,58.47
2026-06-07 22:46:18.564891,4,551.75,0,10.99,79.03,58.3,84.91,5.28,58.47
2026-06-07 22:46:19.971821,4,551.75,0,10.99,79.03,58.3,84.91,5.28,58.47
2026-06-07 22:46:21.504225,4,551.75,0,10.99,79.03,58.3,84.91,5.28,58.47
2026-06-07 22:46:22.952527,4,551.75,0,10.99,79.03,58.3,84.91,5.28,58.47
2026-06-07 22:46:24.370417,4,551.75,0,10.99,79.03,58.3,84.91,5.28,58.47
2026-06-07 22:46:25.808492,4,551.75,0,10.99,79.03,58.3,84.91,5.28,58.47
2026-06-07 22:46:27.264501,4,551.75,0,10.99,79.03,58.3,84.91,5.28,58.47
2026-06-07 22:46:28.704441,4,551.75,0,10.99,79.03,58.3,84.91,5.28,58.47
2026-06-07 22:46:30.179953,4,551.75,0,10.99,79.03,58.3,84.91,5.28,58.47
2026-06-07 22:46:31.633278,4,551.75,0,10.99,79.03,58.3,84.91,5.28,58.47
2026-06-07 22:46:33.100263,4,551.75,0,10.99,79.03,58.3,84.91,5.28,58.47
2026-06-07 22:46:34.553937,4,551.75,0,10.99,79.03,58.3,84.91,5.28,58.47
2026-06-07 22:46:35.985067,4,551.75,0,10.99,79.03,58.3,84.91,5.28,58.47
2026-06-07 22:46:37.401713,4,551.75,0,10.99,79.03,58.3,84.91,5.28,58.47
2026-06-07 22:46:38.846746,4,551.75,0,10.99,79.03,58.3,84.91,5.28,58.47
2026-06-07 22:46:40.662133,4,551.75,0,10.99,79.03,58.3,84.91,5.28,58.47
2026-06-07 22:46:42.139088,4,551.75,0,10.99,79.03,58.3,84.91,5.28,58.47
2026-06-07 22:46:43.597847,4,551.75,0,10.99,79.03,58.3,84.91,5.28,58.47
2026-06-07 22:46:45.073399,4,551.75,0,10.99,79.03,58.3,84.91,5.28,58.47
2026-06-07 22:46:46.498165,4,551.75,0,10.99,79.03,58.3,84.91,5.28,58.47
2026-06-07 22:46:47.955329,4,551.75,0,10.99,79.03,58.3,84.91,5.28,58.47
2026-06-07 22:46:49.422936,4,551.75,0,10.99,79.03,58.3,84.91,5.28,58.47
2026-06-07 22:46:50.890136,4,551.75,0,10.99,79.03,58.3,84.91,5.28,58.47
2026-06-07 22:46:52.334365,4,551.75,0,10.99,79.03,58.3,84.91,5.28,58.47
2026-06-07 22:46:53.783056,4,551.75,0,10.99,79.03,58.3,84.91,5.28,58.47
2026-06-07 22:46:55.220623,4,551.75,0,10.99,79.03,58.3,84.91,5.28,58.47
2026-06-07 22:46:56.695262,4,551.75,0,10.99,79.03,58.3,84.91,5.28,58.47
2026-06-07 22:46:58.184954,4,551.75,0,10.99,79.03,58.3,84.91,5.28,58.47
2026-06-07 22:46:59.622273,4,551.75,0,10.99,79.03,58.3,84.91,5.28,58.47
2026-06-07 22:47:01.096883,4,551.75,0,10.99,79.03,58.3,84.91,5.28,58.47
2026-06-07 22:47:02.547718,4,551.75,0,10.99,79.03,58.3,84.91,5.28,58.47
2026-06-07 22:47:03.952093,4,551.75,0,10.99,79.03,58.3,84.91,5.28,58.47
2026-06-07 22:47:05.401746,4,551.75,0,10.99,79.03,58.3,84.91,5.28,58.47
2026-06-07 22:47:06.847353,4,551.75,0,10.99,79.03,58.3,84.91,5.28,58.47
2026-06-07 22:47:08.264308,4,551.75,0,10.99,79.03,58.3,84.91,5.28,58.47
2026-06-07 22:47:10.755643,4,551.75,0,10.99,79.03,58.3,84.91,5.28,58.47
2026-06-07 22:47:13.572899,4,551.75,0,10.99,79.03,58.3,84.91,5.28,58.47
2026-06-07 22:47:15.025982,4,551.75,0,10.99,79.03,58.3,84.91,5.28,58.47
2026-06-07 22:47:16.835383,4,551.75,0,10.99,79.03,58.3,84.91,5.28,58.47
2026-06-07 22:47:18.617871,4,551.75,0,10.99,79.03,58.3,84.91,5.28,58.47
2026-06-07 22:47:20.050357,4,551.75,0,10.99,79.03,58.3,84.91,5.28,58.47
2026-06-07 22:47:21.529005,4,551.75,0,10.99,79.03,58.3,84.91,5.28,58.47
2026-06-07 22:47:23.957456,4,551.75,0,10.99,79.03,58.3,84.91,5.28,58.47
2026-06-07 22:47:25.387930,4,551.75,0,10.99,79.03,58.3,84.91,5.28,58.47
2026-06-07 22:47:26.858599,4,551.75,0,10.99,79.03,58.3,84.91,5.28,58.47
2026-06-07 22:47:28.397616,4,551.75,0,10.99,79.03,58.3,84.91,5.28,58.47
2026-06-07 22:47:29.866676,4,551.75,0,10.99,79.03,58.3,84.91,5.28,58.47
2026-06-07 22:47:31.666708,4,551.75,0,10.99,79.03,58.3,84.91,5.28,58.47
2026-06-07 22:47:33.075573,4,551.75,0,10.99,79.03,58.3,84.91,5.28,58.47
2026-06-07 22:47:36.636509,4,551.75,0,10.99,79.03,58.3,84.91,5.28,58.47
2026-06-07 22:47:38.232202,4,551.75,0,10.99,79.03,58.3,84.91,5.28,58.47
2026-06-07 22:47:40.037514,4,551.75,0,10.99,79.03,58.3,84.91,5.28,58.47
2026-06-07 22:47:42.510861,4,551.75,0,10.99,79.03,58.3,84.91,5.28,58.47
2026-06-07 22:47:43.984367,4,551.75,0,10.99,79.03,58.3,84.91,5.28,58.47
2026-06-07 22:47:46.488791,4,551.75,0,10.99,79.03,58.3,84.91,5.28,58.47
2026-06-07 22:47:47.933914,4,551.75,0,10.99,79.03,58.3,84.91,5.28,58.47
2026-06-07 22:47:50.395872,4,551.75,0,10.99,79.03,58.3,84.91,5.28,58.47
2026-06-07 22:47:52.191483,4,551.75,0,10.99,79.03,58.3,84.91,5.28,58.47
2026-06-07 22:47:53.606118,4,551.75,0,10.99,79.03,58.3,84.91,5.28,58.47
2026-06-07 22:47:55.028473,4,551.75,0,10.99,79.03,58.3,84.91,5.28,58.47
2026-06-07 22:47:56.485722,4,551.75,0,10.99,79.03,58.3,84.91,5.28,58.47
2026-06-07 22:47:57.950886,4,551.75,0,10.99,79.03,58.3,84.91,5.28,58.47
2026-06-07 22:47:59.458596,4,551.75,0,10.99,79.03,58.3,84.91,5.28,58.47
2026-06-07 22:48:01.948871,4,551.75,0,10.99,79.03,58.3,84.91,5.28,58.47
2026-06-07 22:48:03.397811,4,551.75,0,10.99,79.03,58.3,84.91,5.28,58.47
2026-06-07 22:48:04.899727,4,551.75,0,10.99,79.03,58.3,84.91,5.28,58.47
2026-06-07 22:48:06.443024,4,551.75,0,10.99,79.03,58.3,84.91,5.28,58.47
2026-06-07 22:48:07.900458,4,551.75,0,10.99,79.03,58.3,84.91,5.28,58.47
2026-06-07 22:48:09.319286,4,551.75,0,10.99,79.03,58.3,84.91,5.28,58.47
2026-06-07 22:48:10.788748,4,551.75,0,10.99,79.03,58.3,84.91,5.28,58.47
2026-06-07 22:48:12.229581,4,551.75,0,10.99,79.03,58.3,84.91,5.28,58.47
2026-06-07 22:48:13.667168,4,551.75,0,10.99,79.03,58.3,84.91,5.28,58.47
2026-06-07 22:48:15.113292,4,551.75,0,10.99,79.03,58.3,84.91,5.28,58.47
2026-06-07 22:48:16.572890,4,551.75,0,10.99,79.03,58.3,84.91,5.28,58.47
2026-06-07 22:48:18.369949,4,551.75,0,10.99,79.03,58.3,84.91,5.28,58.47
2026-06-07 22:48:19.825425,4,551.75,0,10.99,79.03,58.3,84.91,5.28,58.47
2026-06-07 22:48:22.647248,4,551.75,0,10.99,79.03,58.3,84.91,5.28,58.47
2026-06-07 22:48:25.080723,4,551.75,0,10.99,79.03,58.3,84.91,5.28,58.47
2026-06-07 22:48:26.911147,4,551.75,0,10.99,79.03,58.3,84.91,5.28,58.47
2026-06-07 22:48:28.338339,4,551.75,0,10.99,79.03,58.3,84.91,5.28,58.47
2026-06-07 22:48:29.784676,4,551.75,0,10.99,79.03,58.3,84.91,5.28,58.47
2026-06-07 22:48:31.236361,4,551.75,0,10.99,79.03,58.3,84.91,5.28,58.47
2026-06-07 22:48:32.674168,4,551.75,0,10.99,79.03,58.3,84.91,5.28,58.47
2026-06-07 22:48:34.446034,4,551.75,0,10.99,79.03,58.3,84.91,5.28,58.47
2026-06-07 22:48:35.898443,4,551.75,0,10.99,79.03,58.3,84.91,5.28,58.47
2026-06-07 22:48:37.351924,4,551.75,0,10.99,79.03,58.3,84.91,5.28,58.47
2026-06-07 22:48:38.780030,4,551.75,0,10.99,79.03,58.3,84.91,5.28,58.47
2026-06-07 22:48:40.224558,4,551.75,0,10.99,79.03,58.3,84.91,5.28,58.47
2026-06-07 22:48:41.631447,4,551.75,0,10.99,79.03,58.3,84.91,5.28,58.47
2026-06-07 22:48:43.081039,4,551.75,0,10.99,79.03,58.3,84.91,5.28,58.47
2026-06-07 22:48:45.581268,4,551.75,0,10.99,79.03,58.3,84.91,5.28,58.47
2026-06-07 22:48:47.079923,4,551.75,0,10.99,79.03,58.3,84.91,5.28,58.47
2026-06-07 22:48:48.920700,4,551.75,0,10.99,79.03,58.3,84.91,5.28,58.47
2026-06-07 22:48:50.536838,4,551.75,0,10.99,79.03,58.3,84.91,5.28,58.47
2026-06-07 22:48:51.990077,4,551.75,0,10.99,79.03,58.3,84.91,5.28,58.47
2026-06-07 22:48:53.414693,4,551.75,0,10.99,79.03,58.3,84.91,5.28,58.47
2026-06-07 22:48:54.882161,4,551.75,0,10.99,79.03,58.3,84.91,5.28,58.47
2026-06-07 22:48:56.329643,4,551.75,0,10.99,79.03,58.3,84.91,5.28,58.47
2026-06-07 22:48:58.786185,4,551.75,0,10.99,79.03,58.3,84.91,5.28,58.47
2026-06-07 22:49:00.203720,4,551.75,0,10.99,79.03,58.3,84.91,5.28,58.47
2026-06-07 22:49:01.628297,4,551.75,0,10.99,79.03,58.3,84.91,5.28,58.47
2026-06-07 22:49:03.060193,4,551.75,0,10.99,79.03,58.3,84.91,5.28,58.47
2026-06-07 22:49:04.610799,4,551.75,0,10.99,79.03,58.3,84.91,5.28,58.47
2026-06-07 22:49:06.054131,4,551.75,0,10.99,79.03,58.3,84.91,5.28,58.47
2026-06-07 22:49:07.477287,4,551.75,0,10.99,79.03,58.3,84.91,5.28,58.47
2026-06-07 22:49:09.915258,4,551.75,0,10.99,79.03,58.3,84.91,5.28,58.47
2026-06-07 22:49:11.364133,4,551.75,0,10.99,79.03,58.3,84.91,5.28,58.47
2026-06-07 22:49:12.844589,4,551.75,0,10.99,79.03,58.3,84.91,5.28,58.47
2026-06-07 22:49:14.319289,4,551.75,0,10.99,79.03,58.3,84.91,5.28,58.47
2026-06-07 22:49:15.813118,4,551.75,0,10.99,79.03,58.3,84.91,5.28,58.47
2026-06-07 22:49:17.281893,4,551.75,0,10.99,79.03,58.3,84.91,5.28,58.47
2026-06-07 22:49:18.742570,4,551.75,0,10.99,79.03,58.3,84.91,5.28,58.47
2026-06-07 22:49:20.528346,4,551.75,0,10.99,79.03,58.3,84.91,5.28,58.47
2026-06-07 22:49:22.330354,4,551.75,0,10.99,79.03,58.3,84.91,5.28,58.47
2026-06-07 22:49:23.957897,4,551.75,0,10.99,79.03,58.3,84.91,5.28,58.47
2026-06-07 22:49:25.438365,4,551.75,0,10.99,79.03,58.3,84.91,5.28,58.47
2026-06-07 22:49:26.897993,4,551.75,0,10.99,79.03,58.3,84.91,5.28,58.47
2026-06-07 22:49:28.431880,4,551.75,0,10.99,79.03,58.3,84.91,5.28,58.47
2026-06-07 22:49:30.140650,4,551.75,0,10.99,79.03,58.3,84.91,5.28,58.47
2026-06-07 22:49:31.592030,4,551.75,0,10.99,79.03,58.3,84.91,5.28,58.47
2026-06-07 22:49:33.028835,4,551.75,0,10.99,79.03,58.3,84.91,5.28,58.47
2026-06-07 22:49:34.500587,4,551.75,0,10.99,79.03,58.3,84.91,5.28,58.47
2026-06-07 22:49:35.932915,4,551.75,0,10.99,79.03,58.3,84.91,5.28,58.47
2026-06-07 22:49:37.390374,4,551.75,0,10.99,79.03,58.3,84.91,5.28,58.47
2026-06-07 22:49:39.538311,4,551.75,0,10.99,79.03,58.3,84.91,5.28,58.47
2026-06-07 22:49:41.092548,4,551.75,0,10.99,79.03,58.3,84.91,5.28,58.47
2026-06-07 22:49:43.535107,4,551.75,0,10.99,79.03,58.3,84.91,5.28,58.47
2026-06-07 22:49:44.992015,4,551.75,0,10.99,79.03,58.3,84.91,5.28,58.47
2026-06-07 22:49:46.402350,4,551.75,0,10.99,79.03,58.3,84.91,5.28,58.47
2026-06-07 22:49:47.814069,4,551.75,0,10.99,79.03,58.3,84.91,5.28,58.47
2026-06-07 22:49:50.321306,4,551.75,0,10.99,79.03,58.3,84.91,5.28,58.47
2026-06-07 22:49:51.767426,4,551.75,0,10.99,79.03,58.3,84.91,5.28,58.47
2026-06-07 22:49:53.359755,4,551.75,0,10.99,79.03,58.3,84.91,5.28,58.47
2026-06-07 22:49:54.831210,4,551.75,0,10.99,79.03,58.3,84.91,5.28,58.47
2026-06-07 22:49:56.293995,4,551.75,0,10.99,79.03,58.3,84.91,5.28,58.47
2026-06-07 22:49:57.697123,4,551.75,0,10.99,79.03,58.3,84.91,5.28,58.47
2026-06-07 22:50:00.605652,4,551.75,0,10.99,79.03,58.3,84.91,5.28,58.47
2026-06-07 22:50:02.011623,4,551.75,0,10.99,79.03,58.3,84.91,5.28,58.47
2026-06-07 22:50:03.456851,4,551.75,0,10.99,79.03,58.3,84.91,5.28,58.47
2026-06-07 22:50:04.913866,4,551.75,0,10.99,79.03,58.3,84.91,5.28,58.47
2026-06-07 22:50:06.734127,4,551.75,0,10.99,79.03,58.3,84.91,5.28,58.47
2026-06-07 22:50:08.208884,4,551.75,0,10.99,79.03,58.3,84.91,5.28,58.47
2026-06-07 22:50:09.646028,4,551.75,0,10.99,79.03,58.3,84.91,5.28,58.47
2026-06-07 22:50:11.471479,4,551.75,0,10.99,79.03,58.3,84.91,5.28,58.47
2026-06-07 22:50:12.897752,4,551.75,0,10.99,79.03,58.3,84.91,5.28,58.47
2026-06-07 22:50:14.694800,4,551.75,0,10.99,79.03,58.3,84.91,5.28,58.47
2026-06-07 22:50:17.152812,4,551.75,0,10.99,79.03,58.3,84.91,5.28,58.47
2026-06-07 22:50:18.632461,4,551.75,0,10.99,79.03,58.3,84.91,5.28,58.47
2026-06-07 22:50:20.103718,4,551.75,0,10.99,79.03,58.3,84.91,5.28,58.47
2026-06-07 22:50:21.555138,4,551.75,0,10.99,79.03,58.3,84.91,5.28,58.47
2026-06-07 22:50:23.009173,4,551.75,0,10.99,79.03,58.3,84.91,5.28,58.47
2026-06-07 22:50:24.464965,4,551.75,0,10.99,79.03,58.3,84.91,5.28,58.47
2026-06-07 22:50:25.879082,4,551.75,0,10.99,79.03,58.3,84.91,5.28,58.47
2026-06-07 22:50:27.330622,4,551.75,0,10.99,79.03,58.3,84.91,5.28,58.47
2026-06-07 22:50:28.781263,4,551.75,0,10.99,79.03,58.3,84.91,5.28,58.47
2026-06-07 22:50:30.222932,4,551.75,0,10.99,79.03,58.3,84.91,5.28,58.47
2026-06-07 22:50:31.702617,4,551.75,0,10.99,79.03,58.3,84.91,5.28,58.47
2026-06-07 22:50:33.138605,4,551.75,0,10.99,79.03,58.3,84.91,5.28,58.47
2026-06-07 22:50:34.668245,4,551.75,0,10.99,79.03,58.3,84.91,5.28,58.47
2026-06-07 22:50:36.174850,4,551.75,0,10.99,79.03,58.3,84.91,5.28,58.47
2026-06-07 22:50:37.657818,4,551.75,0,10.99,79.03,58.3,84.91,5.28,58.47
2026-06-07 22:50:39.130786,4,551.75,0,10.99,79.03,58.3,84.91,5.28,58.47
2026-06-07 22:50:40.611885,4,551.75,0,10.99,79.03,58.3,84.91,5.28,58.47
2026-06-07 22:50:42.077252,4,551.75,0,10.99,79.03,58.3,84.91,5.28,58.47
2026-06-07 22:50:43.522495,4,551.75,0,10.99,79.03,58.3,84.91,5.28,58.47
2026-06-07 22:50:44.978204,4,551.75,0,10.99,79.03,58.3,84.91,5.28,58.47
2026-06-07 22:50:46.451636,4,551.75,0,10.99,79.03,58.3,84.91,5.28,58.47
2026-06-07 22:50:48.888693,4,551.75,0,10.99,79.03,58.3,84.91,5.28,58.47
2026-06-07 22:50:50.312330,4,551.75,0,10.99,79.03,58.3,84.91,5.28,58.47
2026-06-07 22:50:51.726397,4,551.75,0,10.99,79.03,58.3,84.91,5.28,58.47
2026-06-07 22:50:53.160018,4,551.75,0,10.99,79.03,58.3,84.91,5.28,58.47
2026-06-07 22:50:54.619985,4,551.75,0,10.99,79.03,58.3,84.91,5.28,58.47
2026-06-07 22:50:56.081930,4,551.75,0,10.99,79.03,58.3,84.91,5.28,58.47
2026-06-07 22:50:57.507205,4,551.75,0,10.99,79.03,58.3,84.91,5.28,58.47
2026-06-07 22:50:58.976726,4,551.75,0,10.99,79.03,58.3,84.91,5.28,58.47
2026-06-07 22:51:00.379730,4,551.75,0,10.99,79.03,58.3,84.91,5.28,58.47
2026-06-07 22:51:01.814119,4,551.75,0,10.99,79.03,58.3,84.91,5.28,58.47
2026-06-07 22:51:03.254416,4,551.75,0,10.99,79.03,58.3,84.91,5.28,58.47
2026-06-07 22:51:04.693005,4,551.75,0,10.99,79.03,58.3,84.91,5.28,58.47
2026-06-07 22:51:06.140512,4,551.75,0,10.99,79.03,58.3,84.91,5.28,58.47
2026-06-07 22:51:07.593435,4,551.75,0,10.99,79.03,58.3,84.91,5.28,58.47
2026-06-07 22:51:09.039181,4,551.75,0,10.99,79.03,58.3,84.91,5.28,58.47
2026-06-07 22:51:10.452221,4,551.75,0,10.99,79.03,58.3,84.91,5.28,58.47
2026-06-07 22:51:11.898333,4,551.75,0,10.99,79.03,58.3,84.91,5.28,58.47
2026-06-07 22:51:13.384665,4,551.75,0,10.99,79.03,58.3,84.91,5.28,58.47
2026-06-07 22:51:14.853592,4,551.75,0,10.99,79.03,58.3,84.91,5.28,58.47
2026-06-07 22:51:16.283031,4,551.75,0,10.99,79.03,58.3,84.91,5.28,58.47
2026-06-07 22:51:17.755429,4,551.75,0,10.99,79.03,58.3,84.91,5.28,58.47
2026-06-07 22:51:19.225431,4,551.75,0,10.99,79.03,58.3,84.91,5.28,58.47
2026-06-07 22:51:20.700365,4,551.75,0,10.99,79.03,58.3,84.91,5.28,58.47
2026-06-07 22:51:22.187191,4,551.75,0,10.99,79.03,58.3,84.91,5.28,58.47
2026-06-07 22:51:23.612965,4,551.75,0,10.99,79.03,58.3,84.91,5.28,58.47
2026-06-07 22:51:25.172700,4,551.75,0,10.99,79.03,58.3,84.91,5.28,58.47
2026-06-07 22:51:26.694546,4,551.75,0,10.99,79.03,58.3,84.91,5.28,58.47
2026-06-07 22:51:28.142739,4,551.75,0,10.99,79.03,58.3,84.91,5.28,58.47
2026-06-07 22:51:29.600630,4,551.75,0,10.99,79.03,58.3,84.91,5.28,58.47
2026-06-07 22:51:31.056511,4,551.75,0,10.99,79.03,58.3,84.91,5.28,58.47
2026-06-07 22:51:32.853027,4,551.75,0,10.99,79.03,58.3,84.91,5.28,58.47
2026-06-07 22:51:34.343825,4,551.75,0,10.99,79.03,58.3,84.91,5.28,58.47
2026-06-07 22:51:35.821589,4,551.75,0,10.99,79.03,58.3,84.91,5.28,58.47
2026-06-07 22:51:38.283935,4,551.75,0,10.99,79.03,58.3,84.91,5.28,58.47
2026-06-07 22:51:39.775513,4,551.75,0,10.99,79.03,58.3,84.91,5.28,58.47
2026-06-07 22:51:41.411522,4,551.75,0,10.99,79.03,58.3,84.91,5.28,58.47
2026-06-07 22:51:43.111484,4,551.75,0,10.99,79.03,58.3,84.91,5.28,58.47
2026-06-07 22:51:44.836143,4,551.75,0,10.99,79.03,58.3,84.91,5.28,58.47
2026-06-07 22:51:47.833746,4,551.75,0,10.99,79.03,58.3,84.91,5.28,58.47
2026-06-07 22:51:49.294116,4,551.75,0,10.99,79.03,58.3,84.91,5.28,58.47
2026-06-07 22:51:50.791259,4,551.75,0,10.99,79.03,58.3,84.91,5.28,58.47
2026-06-07 22:51:52.234122,4,551.75,0,10.99,79.03,58.3,84.91,5.28,58.47
2026-06-07 22:51:53.706664,4,551.75,0,10.99,79.03,58.3,84.91,5.28,58.47
2026-06-07 22:51:55.547524,4,551.75,0,10.99,79.03,58.3,84.91,5.28,58.47
2026-06-07 22:51:58.021344,4,551.75,0,10.99,79.03,58.3,84.91,5.28,58.47
2026-06-07 22:52:00.845210,4,551.75,0,10.99,79.03,58.3,84.91,5.28,58.47
2026-06-07 22:52:02.856567,4,551.75,0,10.99,79.03,58.3,84.91,5.28,58.47
2026-06-07 22:52:06.459462,4,551.75,0,10.99,79.03,58.3,84.91,5.28,58.47
2026-06-07 22:52:07.923386,4,551.75,0,10.99,79.03,58.3,84.91,5.28,58.47
2026-06-07 22:52:09.415437,4,551.75,0,10.99,79.03,58.3,84.91,5.28,58.47
2026-06-07 22:52:10.861914,4,551.75,0,10.99,79.03,58.3,84.91,5.28,58.47
2026-06-07 22:52:12.325206,4,551.75,0,10.99,79.03,58.3,84.91,5.28,58.47
2026-06-07 22:52:13.799388,4,551.75,0,10.99,79.03,58.3,84.91,5.28,58.47
2026-06-07 22:52:15.570520,4,551.75,0,10.99,79.03,58.3,84.91,5.28,58.47
2026-06-07 22:52:16.985313,4,551.75,0,10.99,79.03,58.3,84.91,5.28,58.47
2026-06-07 22:52:18.422195,4,551.75,0,10.99,79.03,58.3,84.91,5.28,58.47
2026-06-07 22:52:19.979153,4,551.75,0,10.99,79.03,58.3,84.91,5.28,58.47
2026-06-07 22:52:21.399180,4,551.75,0,10.99,79.03,58.3,84.91,5.28,58.47
2026-06-07 22:52:22.990460,4,551.75,0,10.99,79.03,58.3,84.91,5.28,58.47
2026-06-07 22:52:24.608879,4,551.75,0,10.99,79.03,58.3,84.91,5.28,58.47
2026-06-07 22:52:26.164843,4,551.75,0,10.99,79.03,58.3,84.91,5.28,58.47
2026-06-07 22:52:27.743154,4,551.75,0,10.99,79.03,58.3,84.91,5.28,58.47
2026-06-07 22:52:29.614436,4,551.75,0,10.99,79.03,58.3,84.91,5.28,58.47
2026-06-07 22:52:31.232935,4,551.75,0,10.99,79.03,58.3,84.91,5.28,58.47
2026-06-07 22:52:32.837633,4,551.75,0,10.99,79.03,58.3,84.91,5.28,58.47
2026-06-07 22:52:34.254602,4,551.75,0,10.99,79.03,58.3,84.91,5.28,58.47
2026-06-07 22:52:35.983116,4,551.75,0,10.99,79.03,58.3,84.91,5.28,58.47
2026-06-07 22:52:39.973255,4,551.75,0,10.99,79.03,58.3,84.91,5.28,58.47
2026-06-07 22:52:42.592037,4,551.75,0,10.99,79.03,58.3,84.91,5.28,58.47
2026-06-07 22:52:44.181100,4,551.75,0,10.99,79.03,58.3,84.91,5.28,58.47
2026-06-07 22:52:45.679182,4,551.75,0,10.99,79.03,58.3,84.91,5.28,58.47
2026-06-07 22:52:47.298095,4,551.75,0,10.99,79.03,58.3,84.91,5.28,58.47
2026-06-07 22:52:48.964174,4,551.75,0,10.99,79.03,58.3,84.91,5.28,58.47
2026-06-07 22:52:50.516775,4,551.75,0,10.99,79.03,58.3,84.91,5.28,58.47
2026-06-07 22:52:52.113019,4,551.75,0,10.99,79.03,58.3,84.91,5.28,58.47
2026-06-07 22:52:53.784115,4,551.75,0,10.99,79.03,58.3,84.91,5.28,58.47
2026-06-07 22:52:55.396306,4,551.75,0,10.99,79.03,58.3,84.91,5.28,58.47
2026-06-08 00:38:43.012529,4,568.29,0,11.05,72.46,58.4,83.12,4.71,59.59
2026-06-08 00:38:45.610035,4,568.29,0,11.05,72.46,58.4,83.12,4.71,59.59
2026-06-08 00:38:48.209423,4,568.29,0,11.05,72.46,58.4,83.12,4.71,59.59
